{
  "n_seeds_analyzed": 20,
  "mean_pearson_r": 0.7983300174097248,
  "std_pearson_r": 0.07719120902335899,
  "mean_spearman_rho": 0.7855790411067718,
  "all_correlations": [
    {
      "seed": 0,
      "n_codes_used": 12,
      "pearson_r": 0.7845090749031515,
      "pearson_p": 0.002515935202556944,
      "spearman_rho": 0.9440559440559443,
      "spearman_p": 3.927261080965951e-06,
      "basin_sizes": {
        "0": 0.1045,
        "1": 0.1125,
        "2": 0.0365,
        "3": 0.066,
        "4": 0.016,
        "5": 0.0545,
        "6": 0.0315,
        "7": 0.057,
        "8": 0.074,
        "9": 0.228,
        "10": 0.0925,
        "11": 0.127
      },
      "robustness": {
        "0": 0.76,
        "1": 0.765,
        "2": 0.6027397260273972,
        "3": 0.7348484848484849,
        "4": 0.53125,
        "5": 0.6513761467889908,
        "6": 0.6825396825396826,
        "7": 0.631578947368421,
        "8": 0.7027027027027027,
        "9": 0.79,
        "10": 0.7513513513513513,
        "11": 0.785
      }
    },
    {
      "seed": 1,
      "n_codes_used": 12,
      "pearson_r": 0.7648231174979928,
      "pearson_p": 0.003758019863076314,
      "spearman_rho": 0.7062937062937064,
      "spearman_p": 0.010245193941127852,
      "basin_sizes": {
        "0": 0.1995,
        "1": 0.1065,
        "2": 0.1005,
        "3": 0.013,
        "4": 0.0635,
        "5": 0.0925,
        "6": 0.1305,
        "7": 0.0775,
        "8": 0.0645,
        "9": 0.0235,
        "10": 0.063,
        "11": 0.0655
      },
      "robustness": {
        "0": 0.835,
        "1": 0.82,
        "2": 0.78,
        "3": 0.6538461538461539,
        "4": 0.6614173228346457,
        "5": 0.6810810810810811,
        "6": 0.735,
        "7": 0.7483870967741936,
        "8": 0.6511627906976745,
        "9": 0.7021276595744681,
        "10": 0.6904761904761905,
        "11": 0.6870229007633588
      }
    },
    {
      "seed": 2,
      "n_codes_used": 11,
      "pearson_r": 0.8456064904238577,
      "pearson_p": 0.0010408060964420536,
      "spearman_rho": 0.8610500699228079,
      "spearman_p": 0.0006630680655063411,
      "basin_sizes": {
        "0": 0.1235,
        "1": 0.0575,
        "2": 0.1545,
        "3": 0.118,
        "4": 0.034,
        "5": 0.102,
        "6": 0.022,
        "8": 0.1385,
        "9": 0.109,
        "10": 0.061,
        "11": 0.071
      },
      "robustness": {
        "0": 0.79,
        "1": 0.6347826086956522,
        "2": 0.84,
        "3": 0.735,
        "4": 0.6911764705882353,
        "5": 0.775,
        "6": 0.7045454545454546,
        "8": 0.805,
        "9": 0.775,
        "10": 0.7131147540983607,
        "11": 0.6830985915492958
      }
    },
    {
      "seed": 3,
      "n_codes_used": 11,
      "pearson_r": 0.7937039871394814,
      "pearson_p": 0.0035412827496280747,
      "spearman_rho": 0.8909090909090911,
      "spearman_p": 0.00023345817037873163,
      "basin_sizes": {
        "0": 0.055,
        "1": 0.0645,
        "2": 0.1145,
        "4": 0.0835,
        "5": 0.0845,
        "6": 0.0545,
        "7": 0.1515,
        "8": 0.1435,
        "9": 0.1775,
        "10": 0.014,
        "11": 0.057
      },
      "robustness": {
        "0": 0.5727272727272728,
        "1": 0.7441860465116279,
        "2": 0.735,
        "4": 0.6946107784431138,
        "5": 0.7455621301775148,
        "6": 0.6697247706422018,
        "7": 0.785,
        "8": 0.8,
        "9": 0.775,
        "10": 0.35714285714285715,
        "11": 0.6228070175438597
      }
    },
    {
      "seed": 4,
      "n_codes_used": 11,
      "pearson_r": 0.7768931969865135,
      "pearson_p": 0.0049079966771764785,
      "spearman_rho": 0.7272727272727273,
      "spearman_p": 0.011204967253592057,
      "basin_sizes": {
        "0": 0.0445,
        "1": 0.1255,
        "3": 0.106,
        "4": 0.063,
        "5": 0.1315,
        "6": 0.094,
        "7": 0.1455,
        "8": 0.096,
        "9": 0.0725,
        "10": 0.0335,
        "11": 0.084
      },
      "robustness": {
        "0": 0.7303370786516854,
        "1": 0.8,
        "3": 0.765,
        "4": 0.7301587301587301,
        "5": 0.755,
        "6": 0.7553191489361702,
        "7": 0.79,
        "8": 0.7239583333333334,
        "9": 0.6482758620689655,
        "10": 0.6119402985074627,
        "11": 0.7261904761904762
      }
    },
    {
      "seed": 5,
      "n_codes_used": 10,
      "pearson_r": 0.8716361670572256,
      "pearson_p": 0.001014454443984407,
      "spearman_rho": 0.8909090909090909,
      "spearman_p": 0.0005421442248338665,
      "basin_sizes": {
        "1": 0.088,
        "2": 0.037,
        "3": 0.077,
        "5": 0.086,
        "6": 0.061,
        "7": 0.1215,
        "8": 0.113,
        "9": 0.089,
        "10": 0.063,
        "11": 0.252
      },
      "robustness": {
        "1": 0.7329545454545454,
        "2": 0.7027027027027027,
        "3": 0.7532467532467533,
        "5": 0.75,
        "6": 0.639344262295082,
        "7": 0.775,
        "8": 0.81,
        "9": 0.7528089887640449,
        "10": 0.7301587301587301,
        "11": 0.885
      }
    },
    {
      "seed": 6,
      "n_codes_used": 10,
      "pearson_r": 0.7201148969928473,
      "pearson_p": 0.0188396661364359,
      "spearman_rho": 0.7939393939393938,
      "spearman_p": 0.0060999233136969115,
      "basin_sizes": {
        "0": 0.1045,
        "1": 0.055,
        "2": 0.1515,
        "3": 0.098,
        "4": 0.21,
        "5": 0.0505,
        "6": 0.1295,
        "8": 0.077,
        "9": 0.041,
        "11": 0.069
      },
      "robustness": {
        "0": 0.73,
        "1": 0.7181818181818181,
        "2": 0.775,
        "3": 0.8112244897959183,
        "4": 0.795,
        "5": 0.693069306930693,
        "6": 0.82,
        "8": 0.7012987012987013,
        "9": 0.6097560975609756,
        "11": 0.7391304347826086
      }
    },
    {
      "seed": 7,
      "n_codes_used": 12,
      "pearson_r": 0.9085783594439849,
      "pearson_p": 4.3067185235971296e-05,
      "spearman_rho": 0.8811188811188813,
      "spearman_p": 0.00015267406467669873,
      "basin_sizes": {
        "0": 0.057,
        "1": 0.0715,
        "2": 0.0805,
        "3": 0.078,
        "4": 0.074,
        "5": 0.0455,
        "6": 0.114,
        "7": 0.2095,
        "8": 0.0605,
        "9": 0.039,
        "10": 0.088,
        "11": 0.0825
      },
      "robustness": {
        "0": 0.6666666666666666,
        "1": 0.7482517482517482,
        "2": 0.6956521739130435,
        "3": 0.7371794871794872,
        "4": 0.6824324324324325,
        "5": 0.6703296703296703,
        "6": 0.75,
        "7": 0.855,
        "8": 0.6859504132231405,
        "9": 0.6282051282051282,
        "10": 0.7556818181818182,
        "11": 0.7272727272727273
      }
    },
    {
      "seed": 8,
      "n_codes_used": 10,
      "pearson_r": 0.7021705387833573,
      "pearson_p": 0.0235821222826251,
      "spearman_rho": 0.6363636363636362,
      "spearman_p": 0.04791172612997547,
      "basin_sizes": {
        "1": 0.139,
        "2": 0.128,
        "3": 0.0865,
        "5": 0.0675,
        "6": 0.1015,
        "7": 0.156,
        "8": 0.0275,
        "9": 0.0835,
        "10": 0.069,
        "11": 0.1305
      },
      "robustness": {
        "1": 0.795,
        "2": 0.76,
        "3": 0.8265895953757225,
        "5": 0.762962962962963,
        "6": 0.74,
        "7": 0.81,
        "8": 0.6545454545454545,
        "9": 0.7724550898203593,
        "10": 0.7246376811594203,
        "11": 0.775
      }
    },
    {
      "seed": 9,
      "n_codes_used": 12,
      "pearson_r": 0.8558305600853668,
      "pearson_p": 0.00038309294330698864,
      "spearman_rho": 0.7986001739057147,
      "spearman_p": 0.0018404248554876516,
      "basin_sizes": {
        "0": 0.109,
        "1": 0.03,
        "2": 0.0685,
        "3": 0.1215,
        "4": 0.1305,
        "5": 0.1305,
        "6": 0.0655,
        "7": 0.095,
        "8": 0.065,
        "9": 0.037,
        "10": 0.0855,