{
  "params": {
    "M": 5000,
    "N_max": 200,
    "N_min": 5,
    "gamma": 2.0,
    "zeta": 1.5,
    "k": 0.005,
    "a": 2.0,
    "m": 1.5,
    "C_star": 0.5,
    "N_ceiling": 40,
    "kappa_C": 3.0,
    "kappa_N": 2.0,
    "f": 0.15,
    "encounter_rate": 0.05,
    "sigma_N": 10.0,
    "sigma_C": 0.08,
    "base_R": 1.0,
    "generations": 20000,
    "snapshot_interval": 200,
    "seed": 42
  },
  "total_time_seconds": 8.126708984375,
  "final_stats": {
    "generation": 20000,
    "n_total": 5000,
    "n_predator": 36,
    "n_prey": 4964,
    "mean_N": 182.00103389892067,
    "mean_C": 0.12550552738118992,
    "mean_R": 169.3126218996936,
    "mean_N_pred": 39.157108285583035,
    "mean_N_prey": 183.0369688953107,
    "mean_C_pred": 0.5325138291700658,
    "mean_C_prey": 0.12255381528119,
    "std_N": 21.270727162047685,
    "std_C": 0.12295267023879808
  },
  "n_snapshots": 101
}